SampleID	Reference	Type	Position	Ref_allele	Alt_allele
set191_1	Cc04_g05340	SNP	8	A	G
set191_1	Cc04_g05340	INDEL	14	T	TT
set191_1	Cc04_g05340	INDEL	16	T	TT
set191_1	Cc04_g05340	INDEL	142	TCCTA	T
set191_1	Cc04_g05340	INDEL	148	AGA	A
set191_1	Cc04_g05340	MNP	155	CC	TT
set191_1	Cc04_g05340	MNP	158	CA	GG
set191_1	Cc04_g05340	SNP	167	T	A
set191_1	Cc04_g05340	SNP	181	A	G
set191_1	Cc04_g05340	SNP	184	T	A
set191_1	Cc04_g05340	MNP	235	GAA	TTC
set191_1	Cc04_g05340	MNP	242	TG	AA
set191_1	Cc04_g05340	SNP	247	T	G
set191_1	Cc04_g05340	MNP	251	TCT	GGA
set191_1	Cc04_g05340	SNP	258	A	C
set191_1	Cc04_g05340	INDEL	260	AA	A
set191_1	Cc04_g05340	INDEL	264	A	AA
set191_1	Cc04_g05340	OTHER	276	TTT	G
set191_1	Cc04_g05340	INDEL	279	ATCTT	A
set191_1	Cc04_g05340	INDEL	286	AGC	A
set191_1	Cc04_g05340	INDEL	289	TT	T
set191_1	Cc04_g05340	SNP	302	G	C
set191_1	Cc04_g05340	MNP	305	GCT	AAG
set191_1	Cc04_g05340	INDEL	313	TC	T
set191_1	Cc04_g05340	OTHER	316	T	GA
set191_1	Cc04_g05340	OTHER	351	AAG	CT
set191_1	Cc04_g05340	INDEL	354	A	AC
set191_1	Cc04_g05340	INDEL	358	T	TC
set191_1	Cc04_g05340	INDEL	360	TT	T
set191_1	Cc04_g05340	SNP	381	C	A
set191_1	Cc04_g05340	SNP	387	G	A
set191_1	Cc04_g05340	SNP	391	T	G
set191_1	Cc04_g05340	SNP	398	A	C
set191_1	Cc04_g05340	SNP	400	C	A
set191_1	Cc04_g05340	INDEL	401	G	GG
set191_1	Cc04_g05340	MNP	410	GG	TA
set191_1	Cc04_g05340	INDEL	414	AA	A
set191_1	Cc04_g05340	MNP	417	CT	GA
set191_1	Cc04_g05340	INDEL	419	A	AT
set191_1	Cc04_g05340	OTHER	422	G	AC
set191_1	Cc04_g05340	SNP	429	A	T
set191_1	Cc04_g05340	SNP	431	A	G
set191_1	Cc04_g05340	OTHER	435	GA	C
set191_1	Cc04_g05340	SNP	438	C	A
set191_1	Cc04_g05340	INDEL	439	T	TG
set191_1	Cc04_g05340	SNP	451	G	T
set191_1	Cc04_g05340	MNP	455	AG	TC
set191_1	Cc04_g05340	SNP	474	T	C
set191_1	Cc04_g05340	MNP	480	AG	TT
set191_1	Cc04_g05340	SNP	494	G	A
set191_1	Cc04_g05340	SNP	496	T	A
set191_1	Cc04_g05340	SNP	502	C	T
set191_1	Cc04_g05340	INDEL	507	AT	A
set191_1	Cc04_g05340	INDEL	509	A	AC
set191_1	Cc04_g05340	SNP	521	G	C
set191_1	Cc04_g05340	MNP	542	TT	GC
set191_1	Cc04_g05340	SNP	554	T	G
set191_1	Cc04_g05340	INDEL	562	T	TC
set191_1	Cc04_g05340	INDEL	566	GG	G
set191_2	Cc04_g05340	INDEL	500	C	CT
set191_2	Cc04_g05340	INDEL	501	A	AA
set191_2	Cc04_g05340	INDEL	502	C	CA
set191_2	Cc04_g05340	INDEL	503	C	CC
set191_4	Cc04_g05340	MNP	1	AATGGCTAAATCTTCTAAGCAAAAGACA	NNNNNNNNNNNNNNNNNNNNNNNNNNNN
set191_5	Cc04_g05340	SNP	640	A	G
set191_6	Cc04_g05340	OTHER	633	GGC	A
